Name,Gems
tenderlove,53
rafaelfranca,47
cantoniodasilva,41
spastorino,36
eileencodes,35
tas50,35
matthewd,35
kaspth,34
337,34
fxn,34
guilleiguaran,33
webster132,33
geemus,33
benbalter,32
pixeltrix,31
mwrockx,30
schisamo,30
parker,30
chancancode,29
sferik,29
sdanna,28
btm,28
senny,28
thommay,28
paulmooring,28
jkeiser,28
adamleff,28
43081,26
danielsdeleo,26
tomduffield,26
lamont-granquist,26
yzl,26
dkubb,24
ksubramanian,24
tokengeek,21
solnic,21
thoughtbot,20
sethvargo,20
ryanbigg,19
plribeiro3000,18
mbleigh,17
dbussink,17
headius,16
tarcieri,16
snusnu,15
dkubb2,14
josevalim,14
CocoaPods,14
segiddins,14
alfredxing,13
zenspider,13
alloy,13
mcquin,13
690,13
NeoNacho,13
DanToml,13
reset,13
defunkt,12
kylef,12
schneems,12
mrackwitz,12
luislavena,12
parndt,12
grosser,12
PatHawks,12
e2,12
nicksieger,12
enebo,11
ivey,11
sstephenson,11
802,11
wycats,10
olabini,10
kares,10
drbrain,10
bbazzarrakk,10
mbjs,10
ahoward,10
brandon,10
46,10
randx,10
damianlegawiec,10
myronmarston,10
rtomayko,10
irrationalfab,9
rkh,9
joshuaclayton,9
brianmario,9
krames,9
namusyaka,9
mcanevet,9
raphink,9
tdreyno,9
jldec,9
thibaudgg,9
uberzealot,9
science,9
mislav,9
shreeve,8
digitalextremist,8
mikel,8
krainboltgreene,8
croaky,8
JonRowe,8
djberg96,8
banister,8
gitlab_rubygems,8
minam,8
ujifgc,8
durran,8
arunagw,8
mattbrictson,8
alindeman,8
JonLeighton,8
svenfuchs,8
1510,8
cldwalker,8
tcopeland,7
envygeeks,7
JDutil,7
peterberkenbosch,7
technoweenie,7
nwitmer,7
leehambley,7
achiu,7
tim_pease,7
qrush,7
rmm5t,7
laserlemon,7
haus,7
chriseppstein,7
knu,7
tanoku,7
hsbt,7
DAddYE,7
zzak,7
LBRapid,7
bhollis,7
DouweM,7
rymai,7
seuros,6
karelminarik,6
mark-moseley,6
bryckbost,6
flavorjones,6
sporkmonger,6
os97673,6
rubiii,6
YorickPeterse,6
dblock,6
hone,6
austin,6
karmi,6
steveklabnik,6
EmStolfo,6
bf4,6
tjarratt,6
lucasmazza,6
ryanb,6
briandquinn,6
sikachu,6
mhoran,6
mattwynne,6
ConradIrwin,6
marinjankovski,6
jncoward,6
44028,5
trevorrowe,5
yaauie,5
Hunner,5
retro,5
3176,5
samphippen,5
melissa,5
minad,5
aslakhellesoy,5
ugisozols,5
bradejr,5
3424,5
normalperson,5
robyurkowski,5
tubbo,5
jodosha,5
2236,5
gjtorikian,5
imathis,5
djanowski,5
brynary,5
delano,5
cowboyd,5
toy_toy,5
leejarvis,5
nex3,5
nahi,5
a_matsuda,5
tricknotes,5
Kirs,5
geekoncoffee,5
orta,5
mike-burns,5
geoffnichols,5
jimweirich,5
mfazekas,5
awscloud,5
binarywaterfall,5
vsizov,5
underscorgan,5
jnunemaker,4
timoschilling,4
shashank,4
dchelimsky,4
compay,4
wayneeseguin,4
rwjblue,4
ezmobius,4
wyhaines,4
michaelklishin,4
mental,4
mattr-,4
jcoglan,4
jduff,4
kou,4
voxpupuli,4
scottdavis,4
mojombo,4
flori,4
georgeguimaraes,4
stahnma,4
flyerhzm,4
travisjeffery,4
rspeicher,4
ernie,4
indirect,4
ScottGarman,4
RyanMcKern,4
apotonick,4
jarib,4
TomClements,4
alexdunae,4
metaskills,4
packetmonkey,4
pointlessone,4
chronomantic,4
nigelkersten,4
jdantonio,4
xaviershay,4
rodjek,4
deivid,4
igrigorik,4
pitr-ch,4
phasis68,4
mperham,4
smtlaissezfaire,3
smurawski,3
wagenet,3
fivetanley,3
cheeseplus,3
tysongach,3
jacobvosmaer-gitlab,3
pom,3
tjholowaychuk,3
jashkenas,3
zedshaw,3
filipe,3
evn,3
cosmo0920,3
chneukirchen,3
coderanger,3
789,3
ged,3
mshibuya,3
searls,3
jfirebaugh,3
rstacruz,3
larskanis,3
rweng,3
sj26,3
ankane,3
kbrock,3
pauldix,3
arthurnn,3
bragboy,3
nz,3
rywall,3
outoftime,3
njakobsen,3
adamwiggins,3
bmizerany,3
mwaggett,3
bartkamphorst,3
dometto,3
rgrove,3
hongli,3
trevorturk,3
Sean,3
transami,3
kivikakk,3
colszowka,3
frsyuki,3
cjheath,3
btakita,3
cardmagic,3
Dennis,3
nateberkopec,3
shopify-shipit,3
fredwu,3
mloughran,3
nixme,3
yujinakayama,3
zentourist,3
tbetbetbe,3
tooky,3
weppos,3
lautis,3
bradediger,3
jhealy,3
tnm,3
ddfreyne,3
thekompanee,3
samuelkadolph,3
antstorm,3
semmons99,3
alup,3
kyrylo,3
44994,3
2875,3
Markiz,3
Pivotal,3
afiune,3
codegram,3
josepjaume,3
charliesome,3
jankowski,3
ryanf,3
glebm,3
sodabrew,3
ixti,3
joshbuddy,3
jyurek,3
myabc,3
brigade,3
sds,3
blowmage,3
jordansissel,3
twalpole,3
dickeyxxx,3
machty,3
p0deje,2
bdurand,2
noahd1,2
akzhan,2
jhawthorn,2
jamieoliver,2
bozhidar,2
fernandes,2
billymonk,2
bernerdschaefer,2
psadauskas,2
pkuczynski,2
mortonpe,2
sbfaulkner,2
kent,2
andersl,2
enDal,2
DavidS,2
etagwerker,2
bmabey,2
smhuber,2
saghaulor,2
lest,2
brasmusson,2
josephwilk,2
htonl,2
msassak,2
Tigrish,2
kwatch,2
henrikhodne,2
Azure,2
kossnocorp,2
temp_account,2
matt_a,2
wojtekmach,2
bensie,2
hotdogpixels,2
mhayes,2
sahilm,2
thedeerchild,2
timcharper,2
tomash,2
kattrali,2
techpickles,2
Sirupsen,2
kuroda,2
bcardarella,2
mka,2
meatballhat,2
kommen,2
unicorn_bdfl,2
jaredbeck,2
hassox,2
imajes,2
railsjedi,2
blackhedd,2
bluejade,2
1705,2
hgmnz,2
jonsgreen,2
jonatack,2
csanchez,2
lkanies,2
raggi,2
tomaso_tosolini,2
thedarkone,2
azure-rb,2
nov,2
jmettraux,2
PikachuEXE,2
jgraichen,2
olithoughtbot,2
piki,2
jwall149,2
soveran,2
43558,2
badboy_,2
whitequark,2
judofyr,2
44169,2
mikepack,2
fnando,2
petebrowne,2
IgorF,2
imanel,2
dgoodlad,2
unixmonkey,2
stevenosloan,2
43148,2
tilsammans,2
nashby,2
wfarr,2
jbarnette,2
tduehr,2
gabebw,2
3484,2
OdorcicD,2
acrmp,2
calebsimpson,2
bluemonk,2
colinsurprenant,2
mathieu,2
elastic,2
ianwhite,2
googleapis-packages,2
dougalcorn,2
mcmire,2
ioquatix,2
PhilRoss,2
puppetlabs-jenkins,2
janlelis,2
binarylogic,2
hatefulcrawdad,2
k_tsj,2
jch,2
rwz,2
PiersC,2
jangosteve,2
tmm1,2
rogerdpack,2
packagethief,2
postmodern,2
mahlon,2
stanhu,2
1137,2
infews,2
977,2
route,2
slackersoft,2
sheelc,2
Manfred,2
thijs,2
123,2
adzap,2
yfeldblum,2
stympy,2
gregbell,2
drapergeek,2
seanlinsley,2
danielmorrison,2
pcreux,2
wvanbergen,2
gsamokovarov,2
codahale,2
waldyr,2
tjschuck,2
ttilley,2
LeFnord,2
maxd,2
alan,2
scottjg,2
chrisccerami,2
atmos,2
jjh,2
ch4s3,2
1078,2
ransombriggs,2
derekprior,2
technomancy,2
ddollar,2
ctshryock,2
44423,2
kaishin,2
dpiddy,2
rosejn,2
pbattley,2
mpapis,2
940,2
quirkey,2
bootstraponline,2
mdarby,2
cfis,2
kowsalyapalaniappan,2
pjhyett,2
mpalmer,2
tmilewski,2
nricciar,2
mldeering,2
gosukenator,2
svoop,2
whmii,2
mitchellh,2
roscopeco,2
mdub,2
voloko,2
ndbroadbent,2
schacon,2
albus522,2
beauby,2
hcatlin,2
chef,2
PragTob,2
45014,2
marshall-lee,2
tagomoris,2
bigxiang,2
alex_simonov,2
okidokim,2
thejameskyle,2
babel,2
1310,2
jtrupiano,2
janko-m,2
nathansobo,2
cheald,2
nkallen,2
manderson26,2
mtodd,2
jrgarcia,2
i0rek,2
dejan,2
xal,2
jamesmacaulay,2
asarih,2
drogus,2
evan,2
wardpenney,2
jackfranklin,2
dg-ratiodata,2
freelancing_god,2
pusher,2
aroben,2
stereobooster,2
kevwil,2
IYBetesh,2
chrisk,2
lattice,2
johnbintz,2
doabit,2
yannlugrin,2
wmorgan,2
joecorcoran,2
phurley,2
JEG2,2
JoshRobinson,2
applerebel,2
titusfortner,2
tutec,2
KrauseFx,2
DHL,1
zaiste,1
fixlr,1
cliffbraton,1
jcasimir,1
athix,1
Arnvald,1
NoamB,1
sandrot,1
alexreisner,1
jimmycuadra,1
GBH,1
colbygk,1
ricardodovalle,1
lucas,1
coderhs,1
mattheworiordan,1
notahat,1
45152,1
dmke,1
errplane,1
jvshahid,1
eval,1
cgriego,1
repeatedly,1
juliamae,1
dhamidi,1
seeflanigan,1
mvanholstyn,1
artemk,1
nickmerwin,1
kpumuk,1
gylaz,1
tvaughan,1
karlfreeman,1
hamstarr,1
43925,1
45452,1
leshill,1
ariedler,1
thiedem,1
assaf,1
shino,1
stjepan_hadjic,1
mikong,1
gabskoro,1
dariocravero,1
excpt,1
progrium,1
sbounmy,1
cdwort,1
jdpace,1
devinwalters,1
sigmavirus24,1
russfrisch,1
ream88,1
44945,1
rodrigoospinto,1
KODer,1
clemensk,1
saimon,1
arkanis,1
sfuchs,1
ms_ati,1
avdi,1
TrevorS,1
45093,1
obrie,1
ale7714,1
maxjacobson,1
pbrisbin,1
abaldwinhunter,1
thorisalaptop,1
dblandin,1
GordonDiggs,1
ktheory,1
tylerhunt,1
lmtierney,1
guss77,1
treeder,1
thatdutchguy,1
renchap,1
ignisf,1
egonSchiele,1
linch572,1
tobmatth,1
wuputah,1
kch,1
sleeper,1
why,1
mazirian,1
pvtilburg,1
rudionrails,1
ag_dubs,1
TrevorBramble,1
manusajith,1
ryanfitz,1
dabit,1
jseeley,1
dbalatero,1
jabr,1
stevehodgkiss,1
Maher4Ever,1
44892,1
SimonMiaou,1
bobbrodie,1
romanvbabenko,1
Intrepidd,1
elabs,1
thomasjklemm,1
dekimsey,1
maestrodev,1
lobati,1
2521,1
yaroslav,1
56,1
436,1
1546,1
batsman,1
sshao,1
brixen,1
angrycustomer,1
jgarber,1
thomas,1
technorama,1
aussiegeek,1
cphrmky,1
toulmean,1
heythisisnate,1
codeword,1
joemoore,1
robolson,1
amilligan,1
sconover,1
nwilmes,1
thewoolleyman,1
shifrapr,1
stellsmi,1
wesmaldonado,1
imf,1
parkert,1
dgoudreau,1
steadman,1
jpalermo,1
joshsusser,1
seemiller,1
coreyti,1
dav,1
mmichael,1
grafton,1
patmaddox,1
edwardh,1
jkingdon,1
rdy,1
kellyfelkins,1
alexch,1
threezzz,1
2907,1
nfedyashev,1
nickdainty,1
dtao,1
Zakir,1
lambdabutz,1
jjasghar,1
Ladas,1
mdp,1
44844,1
darwin3,1
whomwah,1
suyograo,1
ph,1
hugobarauna,1
palfvin,1
ento,1
MichaelGlass,1
y_310,1
ken_barber,1
ezkl,1
krasnoukhov,1
lsegal,1
pluskid,1
mschmidt,1
adamspiers,1
manuel,1
aserafin,1
mxie,1
brainopia,1
TannerRogalsky,1
tbugai,1
44146,1
jmcanally,1
vassilevsky,1
bentomas,1
baror,1
mmaiza,1
stevendaniels,1
thopre,1
hmcgowan,1
empact,1
langi,1
kzk,1
jclem,1
martin308,1
keeganlow,1
foobar2k,1
snmaynard,1
tobiassvn,1
coorasse,1
Senjai,1
tmcdonald,1
bartosz,1
gregory,1
michaeljherold,1
ericam,1
jeffmccune,1
spohlenz,1
trotzig,1
scudco,1
sfcarroll,1
cypher,1
loobmedia,1
42903,1
johanneswagener,1
chaitanya,1
jwagener,1
matthewrudy,1
negonicrac,1
martyandrews,1
evjan,1
dblessing_gl,1
palkan,1
iskin,1
peleteiro,1
DataWraith,1
jvanbaarsen,1
olivierlacan,1
rogerleite,1
44570,1
brianellin,1
cygnus,1
danstadler,1
willnorris,1
dennisreimann,1
joshk,1
garbagecat,1
unclemilford,1
jdavis,1
bogdan,1
tagliala,1
mkristian,1
airblade,1
batter,1
jeff,1
ulissesalmeida,1
zanker,1
nextmat,1
bmo,1
jkowens,1
zachdennis,1
supernova32,1
bpedro,1
brendankemp,1
sickill,1
sickill_,1
kschiess,1
plapier,1
JuanitoFatas,1
rsanheim,1
simeonwillbanks,1
brianhempel,1
bernat,1
rcampos,1
albertbellonch,1
EvilTrout,1
rrosenfeld,1
joliss,1
zquestz,1
kamui,1
paulelliott,1
tom025,1
dmathieu,1
pitr,1
mattrobenolt,1
zeeg,1
erjohnso,1
temikus,1
icco,1
ihmccreery,1
boourns,1
costford,1
NateSmith,1
markevans,1
caffeine_shirt,1
amro,1
spraints,1
connoratherton,1
Spakman,1
bagabandit,1
mjtko,1
happynoff,1
jsmestad,1
JasonBarnabe,1
Locale,1
chrismcg,1
ckruse,1
celldee,1
lindvall,1
sideshowcoder,1
ametcalf,1
1472,1
turadg,1
antifuchs,1
latortuga,1
iwadon,1
pjones,1
no_reply,1
arto,1
gkellogg,1
dazuma,1
teeparham,1
jejacks0n,1
shugo,1
bitsweat,1
harshaw,1
hboen,1
anarosas,1
carbonfray,1
mojavelinux,1
tsechingho,1
ndfine,1
hbrandl,1
3059,1
taf2,1
petergoldstein,1
doc75,1
michaelmior,1
xymbol,1
yuki24,1
murphy,1
scottopherson,1
lildude,1
brandonblack,1
joshpeek,1
arfon,1
rickbradley,1
ember-release,1
kubo,1
limlian,1
jamesfengcao,1
lanej,1
davetron5000,1
andremedeiros,1
TimMoore,1
fnichol,1
odcinek,1
jaymzh,1
gerry,1
mid,1
tylercloke,1
szechyjs,1
rsl,1
RSL,1
spodlecki,1
bgarret,1
ufuk,1
yonda,1
ohler,1
taquitos,1
fastlane-bot,1
milch,1
mfurtak,1
mpirri,1
asfalcone,1
ohayon,1
ahiro,1
nibalizer,1
chenkie,1
ntotten_auth0,1
hzalaz,1
jfromaniello,1
supermarin,1
walltndr,1
seanc,1
pate,1
lrz,1
sveit,1
hipchat,1
danj,1
mikeastock,1
HParker,1
jonallured,1
alveric,1
Wesha,1
emilsoman,1
muratayusuke,1
pavolzbell,1
astone,1
dbgrandi,1
AliSoftware,1
xamenrax,1
mkhairi,1
dominikh,1
sdsykes,1
dengqs,1
deckar01,1
portertech,1
ethand,1
kgio_bdfl,1
jonahb,1
stevecrozz,1
jumph4x,1
1549,1
vanderhoorn,1
moiristo,1
StefanH,1
hisea,1
ripienaar,1
adamlogic,1
2415,1
macournoyer,1
jamesgolick,1
caarlos0,1
apneadiving,1
MrRuru,1
rdimarco,1
gaustin,1
jackdanger-duplicate,1
Chewi,1
sishen,1
robholland,1
fazibear,1
yuryk,1
asana,1
tors,1
wallin,1
brissmyr,1
jsvd,1
chadj,1
azzoti,1
dannylagrouw,1
tompalmer,1
rjst,1
mcovarru,1
murphee,1
daveadams,1
superchris,1
fausto,1
kman,1
kofno,1
stuarthalloway,1
tirsen,1
crichey,1
tantalon,1
jvoegele,1
whacko,1
nolman,1
weijielin,1
skaar,1
bill_dortch,1
hooligan495,1
serabe,1
ndushay,1
mwmitchell,1
cbeer,1
justincoyne,1
mbklein,1
reefdog,1
knowtheory,1
toyokazu,1
paulbeattie,1
markmcconachie,1
ggilder,1
mailchimp,1
denro,1
43120,1
wallyqs,1
jberkel,1
jhellan,1
mattt,1
rhalff,1
zen_programmer,1
decioferreira,1
746,1
remiprev,1
wrdevos,1
yb66,1
fguillen,1
julienXX,1
januszm,1
Salzig,1
leogalmeida,1
wijet,1
sharpsaw,1
timcharper_rf,1
benprew,1
fiddyspence,1
mjijackson,1
chopmo,1
opencorporates,1
theiceberk,1
sandipransing,1
preston,1
daniely,1
tholmes,1
snaka,1
topfunky,1
caiges,1
agriffis,1
cratchit,1
ahpook,1
binford2k,1
rnelson0,1
kylog,1
jimpusher,1
topliceanu,1
max13,1
Offirmo,1
aetherknight,1
lucasallan,1
586,1
sentient6,1
steeve,1
bvandenbos,1
scraperwiki,1
h0lyalg0rithm,1
gfx,1
jeremyevans,1
mhartl,1
andrea,1
pdlug,1
astern,1
mwmanning,1
L2G,1
agb,1
jarmo,1
lorefnon,1
sargas,1
eppo,1
wldcordeiro,1
jhenkens,1
jrgifford,1
dnrce,1
43121,1
shifi,1
zefer,1
marcandre,1
uehli,1
862,1
piotrmurach,1
Kirill,1
CraigCottingham,1
timvandecasteel,1
harlow,1
dgalarza,1
sdague,1
rcahearn,1
porada,1
kenichikun,1
kwugirl,1
mwear,1
tkrajcar,1
newrelicbot,1
jackdempsey,1
jurriaan,1
randym,1
dylanvaughn,1
rokob,1
jondeandres,1
coryvirok,1
kshep,1
brianrue,1
tpope,1
potenza,1
rharriso,1
sergey_kishenin,1
stevegraham,1
RanjibDey,1
682,1
meleyal,1
nknapp,1
lawnsea,1
kpdecker,1
avit,1
davidfstr,1
igorT,1
bmac,1
ebryn,1
njam,1
cf-osl,1
mainej,1
laise,1
patocano,1
cmills,1
hwyss,1
precipice,1
zdavatz,1
mhatakeyama,1
gshutler,1
BenMorganIO,1
badosu,1
tconnors,1
evanfossier,1
jingming,1
praser05,1
twiliomatt,1
AlexPayment,1
philnash,1
skimbrel,1
dougblack,1
ujihisa,1
alevy,1
robertodecurnex,1
martinemde,1
glennpratt,1
hiravgandhi,1
dmendel,1
binarybabel,1
argerim,1
lunks,1
rchimal,1
43088,1
mdespuits,1
m4dc4p,1
meh99,1
JakeGoulding,1
Nerian,1
matenia,1
halfbyte,1
aryan,1
hakunin,1
esbanarango,1
nzkoz,1
alejandrobabio,1
45153,1
joshuap,1
leppert,1
spike21,1
bbenezech,1
amerine,1
swanandp,1
marocchino,1
rocknruby,1
nicooga,1
190,1
jacobbednarz,1
MikeMcQuaid,1
sfeley,1
kugaevsky,1
codingdesigner,1
Snugug,1
stjernstrom,1
ianwarner,1
ahawkins,1
hirose31,1
matschaffer,1
stesla,1
automach,1
cdainmiller,1
halogenandtoast,1
arex,1
knutjda,1
mcfiredrill,1
761,1
cloudhead,1
lewisac,1
bill_eisenhauer,1
mnoack,1
rubys,1
1551,1
306,1
matthu3,1
koic_ito,1
rsim,1
ebeigarts,1
yahonda,1
cyu,1
2498,1
kytrinyx,1
markbates,1
gdb,1
softr8,1
pseudomuto,1
fgrehm,1
seyhunak,1
tylerrick,1
logical42,1
rposborne,1
enkessler,1
rlmflores,1
raysrashmi,1
bmorton,1
eiel,1
bwillis,1
stripe,1
borski,1
bsedat,1
tinfoilsecurity,1
ShaneWilton,1
seamusabshere,1
Fryguy,1
kindkid,1
cavalle,1
porras,1
mlineen,1
baschtl,1
mhfs,1
marcel,1
ctran,1
ArturT,1
notold,1
camertron,1
KL-7,1
pabs,1
ambethia,1
dropbox-api-team,1
gettalong,1
adamgotterer,1
dm1try,1
emkosz,1
k0kubun,1
da3mon,1
wilhelmbierbaum,1
cmcbride,1
pushrax,1
dylanahsmith,1
fw42,1
peter_public,1
jarl,1
govuk,1
3177,1
569,1
rothsa,1
patsplat,1
cluobah,1
felipeelias,1
jneen,1
2850,1
romanbsd,1
remvee,1
ssmoot,1
sneal,1
primdahl,1
miyagawa,1
locks,1
guangyang,1
andrerod,1
thbishop,1
thiagofm,1
mrsweaters,1
shioyama,1
justinfrench,1
mjbellantoni,1
kball,1
zokioki,1
mehlah,1
ian-heggie,1
flowdock,1
Otto,1
Flowdock,1
RST-J,1
pd,1
iainbeeston,1
hoxworth,1
MarkGibbons,1
ifland,1
dougireton,1
johnleach,1
sawanoboly,1
supercodepoet,1
littlebtc,1
xuanxu,1
45372,1
565,1
fcsonline,1
anilmaurya,1
alto,1
jkreeftmeijer,1
mighe,1
43317,1
Meskyanichi,1
sdhull,1
girasquid,1
cfauser,1
bslobodin,1
ph7,1
kseebaldt,1
qxjit,1
tech-angels,1
goosetav,1
shaper,1
skorks,1
jmanrubia,1
snatchev,1
mdiep,1
timfelgentreff,1
nate,1
brandonarbini,1
kiela,1
randoum,1
kucaahbe,1
blade,1
clarke,1
pyu,1
bfulton,1
nahiluhmot,1
tlunter,1
ethomson,1
carlosmn,1
arthurschreiber,1
glejeune,1
greg,1
jaylev,1
beect,1
metrix,1
adamsalter,1
kjvarga,1
jpshackelford,1
hashcode,1
jamfour,1
nertzy,1
casecommons,1
gabrielg,1
thejamespinto,1
mojodna,1
gazay,1
dbock,1
san650,1
smartinez87,1
peterp,1
larsg,1
marknadig,1
lowjoel,1
splattael,1
chrislloyd,1
ryanto,1
gollahon,1
bquorning,1
johnbackus,1
tomaszpajor,1
nevir,1
geni,1
txus,1
mrcasals,1
CraigBuchek,1
genericsteele,1
liufengyun,1
Ranmocy,1
kitop,1
hawx,1
xrkhill,1
perfectlynormal,1
mileszs,1
nathanvda,1
tocker,1
cloudinary,1
javierav,1
nwiger,1
nateware,1
jonathanwiesel,1
vrinek,1
tiegz,1
brandonhilkert,1
miaout17,1
ki,1
MSchmidt,1
airbrake,1
usiegj00,1
qoobaa,1
1940,1
mkdynamic,1
asppsa,1
idyll,1
ncuesta,1
CamJN,1
prototype,1
paolochiodi,1
cupakromer,1
kylefiedler,1
iain,1
tolsen718,1
reed,1
samg,1
catia3045,1
niw,1
keitaf,1
43569,1
44818,1
hoverbird,1
jakl,1
jugyo,1
caleb_thompson,1
rdmosolgo,1
zpao,1
Kosmas,1
fortuity,1
mynyml,1
naruse,1
nobu,1
Ezveus,1
aakriti,1
renee-travisci,1
carlad,1
probablycorey,1
sixtomartin,1
onelogin,1
lordnibbler,1
Shayne,1
mikeyk,1
tretti,1
heatonjb,1
44667,1
benlovell,1
gaffneyc,1
benlangfeld,1
craigmcnamara,1
benasher44,1
douglasfshearer,1
presidentbeef,1
bartoszblimke,1
hartsock,1
3068,1
cdickmann,1
kerrizor,1
molf,1
chrisjroos,1
aycrum,1
jamesmead,1
shekibobo,1
aquasync,1
yoshihara,1
okkez,1
ichord,1
BeepDog,1
JohnColvin,1
joeyw,1
dragonkh,1
tengeh,1
Rykian,1
tomykaira,1
koriroys,1
robisenberg,1
leonid-shevtsov,1
brtdv,1
garnierjm,1
joelmoss,1
fphilipe,1
miloops,1
mcasimir,1
codykrieger,1
remear,1
joaomdmoura,1
sergiocambra,1
aderyabin,1
smcgivern,1
brodock,1
chastell,1
1192,1
kevinrutherford,1
timo_roessner,1
mattpolito,1
hashrocket,1
43370,1
jgdavey,1
gregf,1
schaary,1
masuidrive,1
mat813,1
44852,1
rue,1
eventualbuddha,1
altamic,1
lifofifo,1
ECR,1